{
  "threshold": 0.43,
  "accuracy": 0.7320261437908496,
  "roc_auc": 0.8110736999625888,
  "f1": 0.6611570247933884,
  "precision": 0.5970149253731343,
  "recall": 0.7407407407407407,
  "confusion_matrix": [
    [
      72,
      27
    ],
    [
      14,
      40
    ]
  ]
}